{
    "m_Version": 10,
    "Enabled": 1,
    "FrameRateCheckSafeZoneInMs": 0,
    "CircleZones": [
        {
            "Center": [
                3206.18994140625,
                297.3500061035156,
                6082.0556640625
            ],
            "Radius": 500.0
        },
        {
            "Center": [
                11506.0205078125,
                342.7486877441406,
                11324.7216796875
            ],
            "Radius": 500.0
        }        
    ],
    "PolygonZones": [
        {
            "Positions": [
                [
                    12288.900390625,
                    142.39999389648438,
                    12804.400390625
                ],
                [
                    12068.400390625,
                    139.8000030517578,
                    12923.400390625
                ],
                [
                    11680.599609375,
                    141.10000610351563,
                    12650.599609375
                ],
                [
                    11805.2998046875,
                    146.3000030517578,
                    12258.900390625
                ],
                [
                    12327.7001953125,
                    140.0,
                    12453.7998046875
                ]
            ]
        }
    ],
    "CylinderZones": [],
    "ActorsPerTick": 5,
    "DisableVehicleDamageInSafeZone": 1,
    "EnableForceSZCleanup": 1,
    "ItemLifetimeInSafeZone": 900.0,
    "EnableForceSZCleanupVehicles": 0,
    "VehicleLifetimeInSafeZone": 3600.0,
    "ForceSZCleanup_ExcludedItems": [
        "CarCoverBase",
        "ExpansionVehicleCover"
    ]
}